{
    "courses": [
        {
            "subject": "CMP SCI",
            "course_number": "1000",
            "course_name": "Computer Science Experiences",
            "credit": 1,
            "mandatory": false,
            "summer": true,
            "spring": true,
            "fall": true
        },
        {
            "subject": "CMP SCI",
            "course_number": "1012",
            "course_name": "Learning to Program Using Virtual Worlds",
            "credit": 3,
            "mandatory": false,
            "summer": true,
            "spring": true,
            "fall": true
        },
        {
            "subject": "CMP SCI",
            "course_number": "1250",
            "course_name": "Introduction to Computing",
            "credit": 3,
            "prerequisites": {
                "or_choice": [
                    {
                        "and_required": ["MATH 1030"]
                    },
                    {
                        "and_required": ["MATH 1100"],
                        "concurrent": true
                    },
                    {
                        "and_required": ["MATH 1800"],
                        "concurrent": true
                    },
                    {
                        "and_required": ["MATH 1045"]
                    }
                ]
            },
            "mandatory": true,
            "summer": true,
            "spring": true,
            "fall": true
        },
        {
            "subject": "CMP SCI",
            "course_number": "2250",
            "course_name": "Programming and Data Structures",
            "credit": 3,
            "prerequisites": {
                "or_choice": [
                    {
                        "and_required": ["CMP SCI 1250"]
                    }
                ]
            },
            "mandatory": true,
            "summer": true,
            "spring": true,
            "fall": true
        },
        {
            "subject": "CMP SCI",
            "course_number": "2261",
            "course_name": "Object-Oriented Programming",
            "credit": 3,
            "prerequisites": {
                "or_choice": [
                    {
                        "and_required": ["CMP SCI 2250"],
                        "concurrent": true
                    }
                ]
            },
            "mandatory": true,
            "summer": true,
            "spring": true,
            "fall": true
        },
        {
            "subject": "CMP SCI",
            "course_number": "2700",
            "course_name": "Computer Organization and Architecture",
            "credit": 3,
            "prerequisites": {
                "or_choice": [
                    {
                        "and_required": ["CMP SCI 2250"],
                        "concurrent": true
                    }
                ]
            },
            "mandatory": true,
            "summer": true,
            "spring": true,
            "fall": true
        },
        {
            "subject": "CMP SCI",
            "course_number": "2750",
            "course_name": "Linux Environment and Programming",
            "credit": 3,
            "prerequisites": {
                "or_choice": [
                    {
                        "and_required": [
                            "CMP SCI 2250",
                            "CMP SCI 2700"
                        ]
                    }
                ]
            },
            "mandatory": true,
            "summer": true,
            "spring": true,
            "fall": true
        },
        {
            "subject": "CMP SCI",
            "course_number": "3010",
            "course_name": "Web Programming",
            "credit": 3,
            "prerequisites": {
                "or_choice": [
                    {
                        "and_required": ["CMP SCI 2261"],
                        "concurrent": true
                    }
                ]
            },
            "mandatory": true,
            "summer": true,
            "spring": true,
            "fall": true
        },
        {
            "subject": "CMP SCI",
            "course_number": "3130",
            "course_name": "Design and Analysis of Algorithms",
            "credit": 3,
            "prerequisites": {
                "or_choice": [
                    {
                        "and_required": [
                            "CMP SCI 2250",
                            "MATH 1320",
                            "MATH 3000"
                        ]
                    }
                ]
            },
            "mandatory": true,
            "summer": true,
            "spring": true,
            "fall": true
        },
        {
            "subject": "CMP SCI",
            "course_number": "3200",
            "course_name": ".NET Framework",
            "credit": 3,
            "prerequisites": {
                "or_choice": [
                    {
                        "and_required": ["CMP SCI 3010"]
                    }
                ]
            },
            "mandatory": false,
            "summer": true,
            "spring": true,
            "fall": true
        },
        {
            "subject": "CMP SCI",
            "course_number": "3410",
            "course_name": "Video Game Design and Development",
            "credit": 3,
            "prerequisites": {
                "or_choice": [
                    {
                        "and_required": ["CMP SCI 2261"]
                    }
                ]
            },
            "mandatory": false,
            "summer": false,
            "spring": true,
            "fall": true
        },
        {
            "subject": "CMP SCI",
            "course_number": "3411",
            "course_name": "Introduction to Data Visualization",
            "credit": 3,
            "prerequisites": {
                "or_choice": [
                    {
                        "and_required": ["CMP SCI 1250"]
                    }
                ]
            },
            "mandatory": false,
            "summer": false,
            "spring": false,
            "fall": true
        },
        {
            "subject": "CMP SCI",
            "course_number": "3702",
            "course_name": "Introduction to Cyber Threats and Defense",
            "credit": 3,
            "prerequisites": {
                "or_choice": [
                    {
                        "and_required":["CMP SCI 2250"]
                    }
                ]
            },
            "mandatory": false,
            "summer": false,
            "spring": true,
            "fall": true
        },
        {
            "subject": "CMP SCI",
            "course_number": "3780",
            "course_name": "Software Security",
            "credit": 3,
            "prerequisites": {
                "or_choice": [
                    {
                        "and_required": [
                            "CMP SCI 2261",
                            "CMP SCI 2750",
                            "CMP SCI 3010"
                        ]
                    }
                ]
            },
            "mandatory": false,
            "summer": false,
            "spring": false,
            "fall": true
        },
        {
            "subject": "CMP SCI",
            "course_number": "4010",
            "course_name": "Web Development with Java",
            "credit": 3,
            "prerequisites": {
                "or_choice": [
                    {
                        "and_required": [
                            "CMP SCI 2261",
                            "CMP SCI 3010"
                        ]
                    }
                ]
            },
            "mandatory": false,
            "summer": false,
            "spring": true,
            "fall": true
        },
        {
            "subject": "CMP SCI",
            "course_number": "4011",
            "course_name": "Web Development with Advanced JavaScript",
            "credit": 3,
            "prerequisites": {
                "or_choice": [
                    {
                        "and_required": ["CMP SCI 3010"]
                    }
                ]
            },
            "mandatory": false,
            "summer": false,
            "spring": true,
            "fall": false
        },
        {
            "subject": "CMP SCI",
            "course_number": "4012",
            "course_name": "Introduction to Enterprise Microservice Development",
            "credit": 3,
            "prerequisites": {
                "or_choice": [
                    {
                        "and_required": [
                            "CMP SCI 2261",
                            "CMP SCI 3010"
                        ]
                    }
                ]
            },
            "mandatory": false,
            "summer": false,
            "spring": true,
            "fall": false
        },
        {
            "subject": "CMP SCI",
            "course_number": "4020",
            "course_name": "Introduction to Android Apps: Android Fundamentals",
            "credit": 3,
            "prerequisites": {
                "or_choice": [
                    {
                        "and_required": ["CMP SCI 2261"]
                    }
                ]
            },
            "mandatory": false,
            "summer": false,
            "spring": true,
            "fall": false
        },
        {
            "subject": "CMP SCI",
            "course_number": "4030",
            "course_name": "Introduction to Intelligent Web",
            "credit": 3,
            "prerequisites": {
                "or_choice": [
                    {
                        "and_required": [
                            "CMP SCI 3010",
                            "CMP SCI 3130"
                        ]
                    }
                ]
            },
            "mandatory": false,
            "summer": false,
            "spring": true,
            "fall": false
        },
        {
            "subject": "CMP SCI",
            "course_number": "4220",
            "course_name": "Introduction to iOS Programming and Apps",
            "credit": 3,
            "prerequisites": {
                "or_choice": [
                    {
                        "and_required": ["CMP SCI 2261"]
                    }
                ]
            },
            "mandatory": false,
            "summer": true,
            "spring": false,
            "fall": false
        },
        {
            "subject": "CMP SCI",
            "course_number": "4222",
            "course_name": "iOS Apps",
            "credit": 3,
            "prerequisites": {
                "or_choice": [
                    {
                        "and_required": ["CMP SCI 4220"]
                    }
                ]
            },
            "mandatory": false,
            "summer": false,
            "spring": true,
            "fall": true
        },
        {
            "subject": "CMP SCI",
            "course_number": "4250",
            "course_name": "Programming Languages",
            "credit": 3,
            "prerequisites": {
                "or_choice": [
                    {
                        "and_required": [
                            "CMP SCI 2261",
                            "CMP SCI 3010"
                        ]
                    }
                ]
            },
            "mandatory": true,
            "summer": true,
            "spring": true,
            "fall": true
        },
        {
            "subject": "CMP SCI",
            "course_number": "4280",
            "course_name": "Program Translation Project",
            "credit": 3,
            "prerequisites": {
                "or_choice": [
                    {
                        "and_required": [
                            "CMP SCI 2700",
                            "CMP SCI 2750",
                            "CMP SCI 3130",
                            "CMP SCI 4250"
                        ]
                    }
                ]
            },
            "mandatory": true,
            "summer": false,
            "spring": true,
            "fall": true
        },
        {
            "subject": "CMP SCI",
            "course_number": "4300",
            "course_name": "Introduction to Artificial Intelligence",
            "credit": 3,
            "prerequisites": {
                "or_choice": [
                    {
                        "and_required": ["CMP SCI 3130"]
                    }
                ]
            },
            "mandatory": false,
            "summer": false,
            "spring": true,
            "fall": true
        },
        {
            "subject": "CMP SCI",
            "course_number": "4320",
            "course_name": "Introduction to Evolutionary Computation",
            "credit": 3,
            "prerequisites": {
                "or_choice": [
                    {
                        "and_required": [
                            "CMP SCI 2261",
                            "CMP SCI 2750",
                            "CMP SCI 3130"
                        ]
                    }
                ]
            },
            "mandatory": false,
            "summer": false,
            "spring": true,
            "fall": false
        },
        {
            "subject": "CMP SCI",
            "course_number": "4340",
            "course_name": "Introduction to Machine Learning",
            "credit": 3,
            "prerequisites": {
                "or_choice": [
                    {
                        "and_required": ["CMP SCI 4342"]
                    },
                    {
                        "and_required": [
                            "CMP SCI 2261",
                            "CMP SCI 3010"
                        ]
                    }
                ]
            },
            "mandatory": false,
            "summer": false,
            "spring": true,
            "humanities": true
        },
        {
            "subject": "CMP SCI",
            "course_number": "4342",
            "course_name": "Introduction to Data Mining",
            "credit": 3,
            "prerequisites": {
                "or_choice": [
                    {
                        "and_required": ["CMP SCI 4200"]
                    },
                    {
                        "and_required": [
                            "CMP SCI 2261",
                            "CMP SCI 3010"
                        ]
                    }
                ]
            },
            "mandatory": false,
            "summer": false,
            "spring": true,
            "fall": true
        },
        {
            "subject": "CMP SCI",
            "course_number": "4370",
            "course_name": "Introduction to Biological Data Science",
            "credit": 3,
            "prerequisites": {
                "or_choice": [
                    {
                        "and_required": ["CMP SCI 3130"]
                    }
                ]
            },
            "mandatory": false,
            "summer": false,
            "spring": false,
            "fall": true
        },
        {
            "subject": "CMP SCI",
            "course_number": "4390",
            "course_name": "Introduction to Deep Learning",
            "credit": 3,
            "prerequisites": {
                "or_choice": [
                    {
                        "and_required": ["CMP SCI 3130"]
                    }
                ]
            },
            "mandatory": false,
            "summer": false,
            "spring": true,
            "fall": false
        },
        {
            "subject": "CMP SCI",
            "course_number": "4410",
            "course_name": "Introduction to Computer Graphics",
            "credit": 3,
            "prerequisites": {
                "or_choice": [
                    {
                        "and_required": [
                            "CMP SCI 2250",
                            "MATH 2450"
                        ]
                    }
                ]
            },
            "mandatory": false,
            "summer": false,
            "spring": false,
            "fall": true
        },
        {
            "subject": "CMP SCI",
            "course_number": "4420",
            "course_name": "Introduction to Digital Image Processing and Computer Vision",
            "credit": 3,
            "prerequisites": {
                "or_choice": [
                    {
                        "and_required": [
                            "MATH 1900",
                            "MATH 2450",
                            "CMP SCI 2750",
                            "CMP SCI 3130"
                        ]
                    }
                ]
            },
            "mandatory": false,
            "summer": false,
            "spring": false,
            "fall": true
        },
        {
            "subject": "CMP SCI",
            "course_number": "4500",
            "course_name": "Introduction to the Software Profession",
            "credit": 3,
            "prerequisites": {
                "or_choice": [
                    {
                        "and_required": [
                            "CMP SCI 2261",
                            "CMP SCI 3010",
                            "MATH 3000"
                        ]
                    }
                ]
            },
            "mandatory": true,
            "summer": false,
            "spring": true,
            "fall": true
        },
        {
            "subject": "CMP SCI",
            "course_number": "4610",
            "course_name": "Database Management Systems",
            "credit": 3,
            "prerequisites": {
                "or_choice": [
                    {
                        "and_required": [
                            "CMP SCI 3010",
                            "MATH 3000"
                        ]
                    }
                ]
            },
            "mandatory": false,
            "summer": false,
            "spring": true,
            "fall": true
        },
        {
            "subject": "CMP SCI",
            "course_number": "4700",
            "course_name": "Computer Forensics",
            "credit": 3,
            "prerequisites": {
                "or_choice": [
                    {
                        "and_required": ["CMP SCI 2750"]
                    }
                ]
            },
            "mandatory": false,
            "summer": false,
            "spring": false,
            "fall": true
        },
        {
            "subject": "CMP SCI",
            "course_number": "4730",
            "course_name": "Computer Networks and Communications",
            "credit": 3,
            "prerequisites": {
                "or_choice": [
                    {
                        "and_required": [
                            "CMP SCI 2750",
                            "MATH 1320"
                        ]
                    }
                ]
            },
            "mandatory": false,
            "summer": false,
            "spring": true,
            "fall": true
        },
        {
            "subject": "CMP SCI",
            "course_number": "4732",
            "course_name": "Introduction to Cryptography for Computer Security",
            "credit": 3,
            "prerequisites": {
                "or_choice": [
                    {
                        "and_required": ["MATH 1100"]
                    },
                    {
                        "and_required": ["MATH 1800"]
                    }
                ]
            },
            "mandatory": false,
            "summer": true,
            "spring": false,
            "fall": false
        },
        {
            "subject": "CMP SCI",
            "course_number": "4750",
            "course_name": "Introduction to Cloud Computing",
            "credit": 3,
            "prerequisites": {
                "or_choice": [
                    {
                        "and_required": ["CMP SCI 2750"]
                    }
                ]
            },
            "mandatory": false,
            "summer": false,
            "spring": false,
            "fall": true
        },
        {
            "subject": "CMP SCI",
            "course_number": "4760",
            "course_name": "Operating Systems",
            "credit": 3,
            "prerequisites": {
                "or_choice": [
                    {
                        "and_required": [
                            "CMP SCI 2750",
                            "CMP SCI 3130"
                        ]
                    }
                ]
            },
            "mandatory": true,
            "summer": false,
            "spring": true,
            "fall": true
        },
        {
            "subject": "CMP SCI",
            "course_number": "4780",
            "course_name": "Computer and Network Security",
            "credit": 3,
            "prerequisites": {
                "or_choice": [
                    {
                        "and_required": ["CMP SCI 4730"]
                    }
                ]
            },
            "mandatory": false,
            "summer": false,
            "spring": false,
            "fall": true
        },
        {
            "subject": "CMP SCI",
            "course_number": "4782",
            "course_name": "Information Security",
            "credit": 3,
            "prerequisites": {
                "or_choice": [
                    {
                        "and_required": [
                            "CMP SCI 2750",
                            "CMP SCI 3702"
                        ]
                    }
                ]
            },
            "mandatory": false,
            "summer": false,
            "spring": true,
            "fall": false
        },
        {
            "subject": "CMP SCI",
            "course_number": "4792",
            "course_name": "Introduction to Mobile Computing, Networking, and Security",
            "credit": 3,
            "prerequisites": {
                "or_choice": [
                    {
                        "and_required": [
                            "CMP SCI 2750",
                            "CMP SCI 3702"
                        ]
                    }
                ]
            },
            "mandatory": false,
            "summer": false,
            "spring": true,
            "fall": false
        },
        {
            "subject": "CMP SCI",
            "course_number": "4794",
            "course_name": "Introduction to Security of IoT Systems",
            "credit": 3,
            "prerequisites": {
                "or_choice": [
                    {
                        "and_required": ["CMP SCI 4730"]
                    }
                ]
            },
            "mandatory": false,
            "summer": false,
            "spring": false,
            "fall": true
        },
        {
            "subject": "MATH",
            "course_number": "1320",
            "course_name": "Introduction to Probability and Statistics",
            "credit": 3,
            "prerequisites": {
                "or_choice": [
                    {
                        "and_required":[ "MATH 1030"]
                    },
                    {
                        "and_required": ["MATH 1040"]
                    },
                    {
                        "and_required": ["MATH 1045"]
                    }
                ]
            },
            "mandatory": true,
            "summer": true,
            "spring": true,
            "fall": true
        },
        {
            "subject": "MATH",
            "course_number": "1800",
            "course_name": "Analytic Geometry and Calculus I",
            "credit": 5,
            "prerequisites": {
                "or_choice": [
                    {
                        "and_required": [
                            "MATH 1030",
                            "MATH 1035"
                        ]
                    },
                    {
                        "and_required": [
                            "MATH 1040",
                            "MATH 1035"
                        ]
                    },
                    {
                        "and_required": ["MATH 1045"]
                    }
                ]
            },
            "mandatory": true,
            "summer": true,
            "spring": true,
            "fall": true
        },
        {
            "subject": "MATH",
            "course_number": "1900",
            "course_name": "Analytic Geometry and Calculus II",
            "credit": 5,
            "prerequisites": {
                "or_choice": [
                    {
                        "and_required": ["MATH 1800"]
                    }
                ]
            },
            "mandatory": true,
            "summer": true,
            "spring": true,
            "fall": true
        },
        {
            "subject": "MATH",
            "course_number": "2450",
            "course_name": "Elementary Linear Algebra",
            "credit": 3,
            "prerequisites": {
                "or_choice": [
                    {
                        "and_required": ["MATH 1100"]
                    },
                    {
                        "and_required":[ "MATH 1900"]
                    }
                ]
            },
            "mandatory": true,
            "summer": true,
            "spring": true,
            "fall": true
        },
        {
            "subject": "MATH",
            "course_number": "3000",
            "course_name": "Discrete Structures",
            "credit": 3,
            "prerequisites": {
                "or_choice": [
                    {
                        "and_required": ["MATH 1800"]
                    },
                    {
                        "and_required": [
                            "MATH 1100",
                            "CMP SCI 1250"
                        ]
                    }
                ]
            },
            "mandatory": true,
            "summer": true,
            "spring": true,
            "fall": true
        },
        {
            "subject": "MATH",
            "course_number": "1100",
            "course_name": "Basic Calculus",
            "credit": 3,
            "prerequisites": {
                "or_choice": [
                    {
                        "and_required": ["MATH 1030"]
                    },
                    {
                        "and_required": ["MATH 1045"]
                    }
                ]
            },
            "mandatory": false,
            "summer": true,
            "spring": true,
            "fall": true
        },
        {
            "subject": "ART HS",
            "course_number": "1100",
            "course_name": "Introduction To Western Art",
            "credit": 3,
            "genEd": "Humanities"
        },
        {
            "subject": "ART HS",
            "course_number": "1120",
            "course_name": "Global Art History",
            "credit": 3,
            "genEd": "Humanities"
        },
        {
            "subject": "FRENCH",
            "course_number": "1001",
            "course_name": "French Language Culture I",
            "credit": 5,
            "genEd": "Humanities"
        },
        {
            "subject": "FRENCH",
            "course_number": "1002",
            "course_name": "French Language Culture II",
            "credit": 5,
            "genEd": "Humanities"
        },
        {
            "subject": "SPANISH",
            "course_number": "1001",
            "course_name": "Spanish Language Culture I",
            "credit": 5,
            "genEd": "Humanities"
        },
        {
            "subject": "SPANISH",
            "course_number": "1002",
            "course_name": "Spanish Language Culture II",
            "credit": 5,
            "genEd": "Humanities"
        },
        {
            "subject": "ENGL",
            "course_number": "1120",
            "course_name": "Introduction to Literature",
            "credit": 3,
            "genEd": "Humanities"
        },
        {
            "subject": "M H L T",
            "course_number": "1001",
            "course_name": "Intro to Music",
            "credit": 3,
            "genEd": "Humanities"
        },
        {
            "subject": "M H L T",
            "course_number": "1070",
            "course_name": "Introduction to Jazz",
            "credit": 3,
            "genEd": "Humanities"
        },
        {
            "subject": "M H L T",
            "course_number": "1003",
            "course_name": "History of Rock Music",
            "credit": 3,
            "genEd": "Humanities"
        },
        {
            "subject": "M H L T",
            "course_number": "1150",
            "course_name": "Drumming Cultures of the World",
            "credit": 3,
            "genEd": "Humanities"
        },
        {
            "subject": "M H L T",
            "course_number": "2010",
            "course_name": "History of Western Music I",
            "credit": 3,
            "genEd": "Humanities"
        },
        {
            "subject": "M H L T",
            "course_number": "2020",
            "course_name": "History of Western Music II",
            "credit": 3,
            "genEd": "Humanities"
        },
        {
            "subject": "PHIL",
            "course_number": "1150",
            "course_name": "Introduction to Philosophy",
            "credit": 3,
            "genEd": "Humanities"
        },
        {
            "subject": "PHIL",
            "course_number": "1160",
            "course_name": "Critical Thinking",
            "credit": 3,
            "genEd": "Humanities"
        },
        {
            "subject": "PHIL",
            "course_number": "1130",
            "course_name": "Approaches to Ethics",
            "credit": 3,
            "genEd": "Humanities"
        },
        {
            "subject": "THEATR",
            "course_number": "1800",
            "course_name": "Introduction to Theatre",
            "credit": 3,
            "genEd": "Humanities"
        },
        {
            "subject": "HIST",
            "course_number": "1031",
            "course_name": "Topics in European Civilization: Emergence of Western Europe to 1715",
            "credit": 3,
            "genEd": "Humanities"
        },
        {
            "subject": "HIST",
            "course_number": "1032",
            "course_name": "Topics in European Civilization: 1715 to the Present",
            "credit": 3,
            "genEd": "Humanities"
        },
        {
            "subject": "EN PER",
            "course_number": "1520",
            "course_name": "Symphonic Band",
            "credit": 1,
            "genEd": "Humanities"
        },
        {
            "subject": "EN PER",
            "course_number": "1400",
            "course_name": "University Chorus",
            "credit": 1,
            "genEd": "Humanities"
        },
        {
            "subject": "EN PER",
            "course_number": "1410",
            "course_name": "The University Singers",
            "credit": 1,
            "genEd": "Humanities"
        },
        {
            "subject": "EN PER",
            "course_number": "1500",
            "course_name": "University Orchestra",
            "credit": 1,
            "genEd": "Humanities"
        },
        {
            "subject": "ST ART",
            "course_number": "1140",
            "course_name": "Drawing I",
            "credit": 1,
            "genEd": "Humanities"
        },
        {
            "subject": "MATH",
            "course_number": "1020",
            "course_name": "Contemporary Math",
            "credit": 3,
            "genEd": "MathScience"
        },
        {
            "subject": "MATH",
            "course_number": "1030",
            "course_name": "College Algebra",
            "credit": 3,
            "genEd": "MathScience"
        },
        {
            "subject": "MATH",
            "course_number": "1035",
            "course_name": "Trigonometry",
            "credit": 2,
            "genEd": "MathScience"
        },

        {
            "subject": "MATH",
            "course_number": "1045",
            "course_name": "Pre-Calculus",
            "credit": 5,
            "genEd": "MathScience"
        },
        {
            "subject": "ASTRON",
            "course_number": "1001",
            "course_name": "Cosmic Evolution Introductory Astronomy",
            "credit": 3,
            "genEd": "NaturalScience"
        },
        {
            "subject": "ASTRON",
            "course_number": "1001A",
            "course_name": "Cosmic Evolution/Introductory Astronomy",
            "credit": 3,
            "genEd": "NaturalScience"
        },
        {
            "subject": "ASTRON",
            "course_number": "1050",
            "course_name": "Introductory to Astronomy I",
            "credit": 3,
            "genEd": "NaturalScience"
        },
        {
            "subject": "BIOL",
            "course_number": "1831",
            "course_name": "Introductory Biology: From Molecules to Organisms",
            "credit": 5,
            "genEd": "NaturalScience"
        },
        {
            "subject": "BIOL",
            "course_number": "1821",
            "course_name": "Introductory Biology: Organisms and the Environment",
            "credit": 5,
            "genEd": "NaturalScience"
        },
        {
            "subject": "CHEM",
            "course_number": "1052",
            "course_name": "Chemistry for the Health Professions",
            "credit": 4,
            "genEd": "NaturalScience"
        },
        {
            "subject": "CHEM",
            "course_number": "1111",
            "course_name": "Introductory Chemistry I",
            "credit": 5,
            "genEd": "NaturalScience"
        },
        {
            "subject": "GEOL",
            "course_number": "1001",
            "course_name": "General Geology",
            "credit": 3,
            "genEd": "NaturalScience"
        },
        {
            "subject": "GEOL",
            "course_number": "1001L",
            "course_name": "General Geology Lab",
            "credit": 1,
            "genEd": "NaturalScience"
        },
        {
            "subject": "GEOL",
            "course_number": "1053",
            "course_name": "Oceanography",
            "credit": 3,
            "genEd": "NaturalScience"
        },
        {
            "subject": "BIOL",
            "course_number": "1102",
            "course_name": "Human Biology",
            "credit": 3,
            "genEd": "NaturalScience"
        },
        {
            "subject": "PHYSICS",
            "course_number": "1001",
            "course_name": "How Things Work",
            "credit": 3,
            "genEd": "NaturalScience"
        },
        {
            "subject": "PHYSICS",
            "course_number": "1011",
            "course_name": "Basic Physics I",
            "credit": 3,
            "genEd": "NaturalScience"
        },
        {
            "subject": "PHYSICS",
            "course_number": "2111",
            "course_name": "Physics: Mechanics and Heat",
            "credit": 4,
            "genEd": "NaturalScience"
        },
        {
            "subject": "ANTHRO",
            "course_number": "1011",
            "course_name": "Introduction to Cultural Anthropology",
            "credit": 3,
            "genEd": "SocialandBehaviouralScience"
        },
        {
            "subject": "ECON",
            "course_number": "1000",
            "course_name": "Economics in Everyday Life",
            "credit": 3,
            "genEd": "SocialandBehaviouralScience"
        },
        {
            "subject": "ECON",
            "course_number": "1002",
            "course_name": "Principles of Macroeconomics",
            "credit": 3,
            "genEd": "SocialandBehaviouralScience"
        },
        {
            "subject": "ECON",
            "course_number": "1001",
            "course_name": "Principles of Microeconomics",
            "credit": 3,
            "genEd": "SocialandBehaviouralScience"
        },
        {
            "subject": "GEOG",
            "course_number": "1001",
            "course_name": "Introduction to Geography",
            "credit": 3,
            "genEd": "SocialandBehaviouralScience"
        },
        {
            "subject": "GEOG",
            "course_number": "1002",
            "course_name": "World Regions",
            "credit": 3,
            "genEd": "SocialandBehaviouralScience"
        },
        {
            "subject": "HIST",
            "course_number": "1002",
            "course_name": "American Civilization 1865-Present",
            "credit": 3,
            "genEd": "SocialandBehaviouralScience"
        },
        {
            "subject": "HIST",
            "course_number": "1001",
            "course_name": "American Civilization to 1865",
            "credit": 3,
            "genEd": "SocialandBehaviouralScience"
        },
        {
            "subject": "POL SCI",
            "course_number": "1100",
            "course_name": "American Politics",
            "credit": 3,
            "genEd": "SocialandBehaviouralScience"
        },
        {
            "subject": "POL SCI",
            "course_number": "1800",
            "course_name": "World Politics",
            "credit": 3,
            "genEd": "SocialandBehaviouralScience"
        },
        {
            "subject": "POL SCI",
            "course_number": "1500",
            "course_name": "Introduction to Comparative Politics",
            "credit": 3,
            "genEd": "SocialandBehaviouralScience"
        },
        {
            "subject": "PSYCH",
            "course_number": "1003",
            "course_name": "General Psychology",
            "credit": 3,
            "genEd": "SocialandBehaviouralScience"
        },
        {
            "subject": "PSYCH",
            "course_number": "2268",
            "course_name": "Human Growth and Development",
            "credit": 3,
            "genEd": "SocialandBehaviouralScience"
        },
        {
            "subject": "SOC",
            "course_number": "1010",
            "course_name": "Introduction to Sociology",
            "credit": 3,
            "genEd": "SocialandBehaviouralScience"
        },
        {
            "subject": "COMM",
            "course_number": "1040",
            "course_name": "Introduction to Public Speaking",
            "credit": 3,
            "genEd": "WrittenAndOral"
        },
        {
            "subject": "COMM",
            "course_number": "1030",
            "course_name": "Interpersonal Communication I",
            "credit": 3,
            "genEd": "WrittenAndOral"
        },
        {
            "subject": "COMM",
            "course_number": "2230",
            "course_name": "Small Group Communication",
            "credit": 3,
            "genEd": "WrittenAndOral"
        },
        {
            "subject": "ENGL",
            "course_number": "2125",
            "course_name": "Technical Writing",
            "credit": 3,
            "genEd": "WrittenAndOral"
        },
        {
            "subject": "ENGL",
            "course_number": "1100",
            "course_name": "First-Year Writing",
            "credit": 3,
            "genEd": "WrittenAndOral"
        },
        {
            "subject": "ENGL",
            "course_number": "3130",
            "course_name": "Junior Level English Competition",
            "credit": 3,
            "genEd": "WrittenAndOral"
        },
        {
            "subject": "CDA",
            "course_number": "1234",
            "course_name": "Cultural Diversity",
            "credit": 3
        }

    ]
}