<descriptions> 
	<course>
		<subject>ART HS</subject>
		<course_number>1100</course_number>
		<course_name>Introduction To Western Art</course_name>
		<credit>3</credit>
	</course>
	<course>
		<subject>ART HS</subject>
		<course_number>1120</course_number>
		<course_name>Global Art History</course_name>
		<credit>3</credit>
	</course>
	<course>
		<subject>FRENCH</subject>
		<course_number>1001</course_number>
		<course_name>French Language Culture I</course_name>
		<credit>5</credit>
	</course>
	<course>
		<subject>FRENCH</subject>
		<course_number>1002</course_number>
		<course_name>French Language  Culture II</course_name>
		<credit>5</credit>
	</course>
	<course>
		<subject>SPANISH</subject>
		<course_number>1001</course_number>
		<course_name>Spanish Language  Culture I</course_name>
		<credit>5</credit>
	</course>
	<course>
		<subject>SPANISH</subject>
		<course_number>1002</course_number>
		<course_name>Spanish Language  Culture II</course_name>
		<credit>5</credit>
	</course>
	<course>
		<subject>ENGL</subject>
		<course_number>1120</course_number>
		<course_name>Introduction to Literature</course_name>
		<credit>3</credit>
	</course>
	<course>
		<subject>M H L T</subject>
		<course_number>1001</course_number>
		<course_name>Intro to Music</course_name>
		<credit>3</credit>
	</course>
	<course>
		<subject>M H L T</subject>
		<course_number>1070</course_number>
		<course_name>Introduction to Jazz</course_name>
		<credit>3</credit>
	</course>
	<course>
		<subject>M H L T</subject>
		<course_number>1003</course_number>
		<course_name>History of Rock Music</course_name>
		<credit>3</credit>
	</course>
	<course>
		<subject>M H L T</subject>
		<course_number>1150</course_number>
		<course_name>Drumming Cultures of the World</course_name>
		<credit>3</credit>
	</course>
	<course>
		<subject>M H L T</subject>
		<course_number>2010</course_number>
		<course_name>History of Western Music I</course_name>
		<credit>3</credit>
	</course>
	<course>
		<subject>M H L T</subject>
		<course_number>2020</course_number>
		<course_name>History of Western Music II</course_name>
		<credit>3</credit>
	</course>
	<course>
		<subject>PHIL</subject>
		<course_number>1150</course_number>
		<course_name>Introduction to Philosophy</course_name>
		<credit>3</credit>
	</course>
	<course>
		<subject>PHIL</subject>
		<course_number>1160</course_number>
		<course_name>Critical Thinking</course_name>
		<credit>3</credit>
	</course>
	<course>
		<subject>PHIL</subject>
		<course_number>1130</course_number>
		<course_name>Approaches to Ethics</course_name>
		<credit>3</credit>
	</course>
	<course>
		<subject>THEATR</subject>
		<course_number>1800</course_number>
		<course_name>Introduction to Theatre</course_name>
		<credit>3</credit>
	</course>
	<course>
		<subject>HIST</subject>
		<course_number>1031</course_number>
		<course_name>Topics in European Civilization: Emergence of Western Europe to 1715</course_name>
		<credit>3</credit>
	</course>
	<course>
		<subject>HIST</subject>
		<course_number>1032</course_number>
		<course_name>Topics in European Civilization: 1715 to the Present</course_name>
		<credit>3</credit>
	</course>
	<course>
		<subject>EN PER</subject>
		<course_number>1520</course_number>
		<course_name>Symphonic Band</course_name>
		<credit>1</credit>
	</course>
	<course>
		<subject>EN PER</subject>
		<course_number>1400</course_number>
		<course_name>University Chorus</course_name>
		<credit>1</credit>
	</course>
	<course>
		<subject>EN PER</subject>
		<course_number>1410</course_number>
		<course_name>The University Singers</course_name>
		<credit>1</credit>
	</course>
	<course>
		<subject>EN PER</subject>
		<course_number>1500</course_number>
		<course_name>University Orchestra</course_name>
		<credit>1</credit>
	</course>
	<course>
		<subject>ST ART</subject>
		<course_number>1140</course_number>
		<course_name>Drawing I</course_name>
		<credit>1</credit>
	</course>
</descriptions>