[
    {
        "1": {
            "FS": [
                {
                    "subject": "MATH",
                    "code": "1030",
                    "name": "College Algebra (prerequisite) ",
                    "credit": 3,
                    "paired": [],
                    "options": "FALSE",
                    "options_type": "mandatory_courses",
                    "semester": 0
                },
                {
                    "subject": "MATH",
                    "code": "1100",
                    "name": "Basic Calculus (prerequisite) ",
                    "credit": 3,
                    "paired": [],
                    "options": "FALSE",
                    "options_type": "mandatory_courses",
                    "semester": 0
                },
                {
                    "subject": "MATH",
                    "code": "1035",
                    "name": "Trigonometry (prerequisite)",
                    "credit": 2,
                    "paired": [],
                    "options": "FALSE",
                    "options_type": "mandatory_courses",
                    "semester": 0
                },
                {
                    "subject": "CDA",
                    "code": "1234",
                    "name": "Cultural Diversity",
                    "credit": 3,
                    "paired": [],
                    "options": "FALSE",
                    "options_type": "Cultural Diversity",
                    "semester": 0
                },
                {
                    "subject": "ENGL",
                    "code": "2125",
                    "name": "Technical Writing",
                    "credit": 3,
                    "paired": [],
                    "options": "FALSE",
                    "options_type": "First Year Courses",
                    "semester": 0
                },
                {
                    "subject": "M H L T",
                    "code": "2010",
                    "name": "History of Western Music I",
                    "credit": 3,
                    "paired": [],
                    "semester": 0
                }
            ],
            "SP": [
                {
                    "subject": "MATH",
                    "code": "1800",
                    "name": "Analytic Geometry and Calculus I",
                    "credit": 5,
                    "paired": [],
                    "options": "FALSE",
                    "options_type": "mandatory_courses",
                    "semester": 1
                },
                {
                    "subject": "CMP SCI",
                    "code": "1250",
                    "name": "Introduction to Computing",
                    "credit": 3,
                    "paired": [],
                    "options": "FALSE",
                    "options_type": "mandatory_courses",
                    "semester": 1
                },
                {
                    "subject": "ANTHRO",
                    "code": "1011",
                    "name": "Introduction to Cultural Anthropology",
                    "credit": 3,
                    "paired": [],
                    "options": "TRUE",
                    "options_type": "Social Sciences",
                    "semester": 1
                },
                {
                    "subject": "CMP SCI",
                    "code": "1000",
                    "name": "Computer Science Experiences",
                    "credit": 1,
                    "paired": [],
                    "options": "TRUE",
                    "options_type": "General Electives",
                    "semester": 1
                },
                {
                    "subject": "ART HS",
                    "code": "1120",
                    "name": "Global Art History (Gened)",
                    "credit": 3,
                    "paired": [],
                    "options": "TRUE",
                    "options_type": "Humanities and Fine Arts",
                    "semester": 1
                },
                {
                    "subject": "ENGL",
                    "code": "1120",
                    "name": "Introduction to Literature",
                    "credit": 3,
                    "paired": [],
                    "options": "TRUE",
                    "options_type": "Humanities and Fine Arts",
                    "semester": 1
                }
            ]
        }
    },
    {
        "2": {
            "FS": [
                {
                    "subject": "CMP SCI",
                    "code": "2250",
                    "name": "Programming and Data Structures",
                    "credit": 3,
                    "paired": [],
                    "options": "FALSE",
                    "options_type": "mandatory_courses",
                    "semester": 2
                },
                {
                    "subject": "CMP SCI",
                    "code": "2261",
                    "name": "Object-Oriented Programming",
                    "credit": 3,
                    "paired": [],
                    "options": "FALSE",
                    "options_type": "mandatory_courses",
                    "semester": 2
                },
                {
                    "subject": "CMP SCI",
                    "code": "2700",
                    "name": "Computer Organization and Architecture",
                    "credit": 3,
                    "paired": [],
                    "options": "FALSE",
                    "options_type": "mandatory_courses",
                    "semester": 2
                },
                {
                    "subject": "MATH",
                    "code": "1045",
                    "name": "Pre-Calculus",
                    "credit": 5,
                    "paired": [],
                    "options": "FALSE",
                    "options_type": "Math Courses",
                    "semester": 2
                },
                {
                    "subject": "ECON",
                    "code": "1000",
                    "name": "Economics in Everyday Life",
                    "credit": 3,
                    "paired": [],
                    "options": "TRUE",
                    "options_type": "Social Sciences",
                    "semester": 2
                }
            ],
            "SP": [
                {
                    "subject": "CMP SCI",
                    "code": "2750",
                    "name": "Linux Environment and Programming",
                    "credit": 3,
                    "paired": [],
                    "options": "FALSE",
                    "options_type": "mandatory_courses",
                    "semester": 3
                },
                {
                    "subject": "CMP SCI",
                    "code": "3010",
                    "name": "Web Programming",
                    "credit": 3,
                    "paired": [],
                    "options": "FALSE",
                    "options_type": "mandatory_courses",
                    "semester": 3
                },
                {
                    "subject": "MATH",
                    "code": "1320",
                    "name": "Introduction to Probability and Statistics",
                    "credit": 3,
                    "paired": [],
                    "options": "FALSE",
                    "options_type": "mandatory_courses",
                    "semester": 3
                },
                {
                    "subject": "ENGL",
                    "code": "3130",
                    "name": "Junior Level English Competition",
                    "credit": 3,
                    "paired": [],
                    "options": "TRUE",
                    "options_type": "Junior Level English",
                    "semester": 3
                },
                {
                    "subject": "COMM",
                    "code": "1040",
                    "name": "Introduction to Public Speaking",
                    "credit": 3,
                    "paired": [],
                    "options": "FALSE",
                    "options_type": "Communication Proficiency",
                    "semester": 3
                },
                {
                    "subject": "CMP SCI",
                    "code": "3200",
                    "name": ".NET Framework",
                    "credit": 3,
                    "paired": [],
                    "options": "TRUE",
                    "options_type": "Computer Science Electives",
                    "semester": 3
                }
            ]
        }
    },
    {
        "3": {
            "FS": [
                {
                    "subject": "MATH",
                    "code": "3000",
                    "name": "Discrete Structures",
                    "credit": 3,
                    "paired": [],
                    "options": "FALSE",
                    "options_type": "mandatory_courses",
                    "semester": 4
                },
                {
                    "subject": "CMP SCI",
                    "code": "3130",
                    "name": "Design and Analysis of Algorithms",
                    "credit": 3,
                    "paired": [],
                    "options": "FALSE",
                    "options_type": "mandatory_courses",
                    "semester": 4
                },
                {
                    "subject": "CMP SCI",
                    "code": "4250",
                    "name": "Programming Languages",
                    "credit": 3,
                    "paired": [],
                    "options": "FALSE",
                    "options_type": "mandatory_courses",
                    "semester": 4
                },
                {
                    "subject": "ECON",
                    "code": "1002",
                    "name": "Principles of Macroeconomics",
                    "credit": 3,
                    "paired": [],
                    "options": "TRUE",
                    "options_type": "Social Sciences",
                    "semester": 4
                },
                {
                    "subject": "CMP SCI",
                    "code": "1012",
                    "name": "Learning to Program Using Virtual Worlds",
                    "credit": 3,
                    "paired": [],
                    "options": "TRUE",
                    "options_type": "General Electives",
                    "semester": 4
                },
                {
                    "subject": "CMP SCI",
                    "code": "3410",
                    "name": "Video Game Design and Development",
                    "credit": 3,
                    "paired": [],
                    "options": "TRUE",
                    "options_type": "Computer Science Electives",
                    "semester": 4
                }
            ],
            "SP": [
                {
                    "subject": "CMP SCI",
                    "code": "4280",
                    "name": "Program Translation Project",
                    "credit": 3,
                    "paired": [],
                    "options": "FALSE",
                    "options_type": "mandatory_courses",
                    "semester": 5
                },
                {
                    "subject": "MATH",
                    "code": "1900",
                    "name": "Analytic Geometry and Calculus II",
                    "credit": 5,
                    "paired": [],
                    "options": "FALSE",
                    "options_type": "mandatory_courses",
                    "semester": 5
                },
                {
                    "subject": "CMP SCI",
                    "code": "3411",
                    "name": "Introduction to Data Visualization",
                    "credit": 3,
                    "paired": [],
                    "options": "TRUE",
                    "options_type": "General Electives",
                    "semester": 5
                },
                {
                    "subject": "CMP SCI",
                    "code": "3702",
                    "name": "Introduction to Cyber Threats and Defense",
                    "credit": 3,
                    "paired": [],
                    "options": "TRUE",
                    "options_type": "Computer Science Electives",
                    "semester": 5
                },
                {
                    "subject": "CMP SCI",
                    "code": "3780",
                    "name": "Software Security",
                    "credit": 3,
                    "paired": [],
                    "options": "TRUE",
                    "options_type": "Computer Science Electives",
                    "semester": 5
                }
            ]
        }
    },
    {
        "4": {
            "FS": [
                {
                    "subject": "MATH",
                    "code": "2450",
                    "name": "Elementary Linear Algebra",
                    "credit": 3,
                    "paired": [],
                    "options": "FALSE",
                    "options_type": "mandatory_courses",
                    "semester": 6
                },
                {
                    "subject": "CMP SCI",
                    "code": "4500",
                    "name": "Introduction to the Software Profession",
                    "credit": 3,
                    "paired": [],
                    "options": "FALSE",
                    "options_type": "mandatory_courses",
                    "semester": 6
                },
                {
                    "subject": "HIST",
                    "code": "1002",
                    "name": "American Civilization 1865-Present",
                    "credit": 3,
                    "paired": [],
                    "options": "FALSE",
                    "options_type": "American History",
                    "semester": 6
                },
                {
                    "subject": "CMP SCI",
                    "code": "4011",
                    "name": "Web Development with Advanced JavaScript",
                    "credit": 3,
                    "paired": [],
                    "semester": 6
                }
            ],
            "SP": [
                {
                    "subject": "CMP SCI",
                    "code": "4760",
                    "name": "Operating Systems",
                    "credit": 3,
                    "paired": [],
                    "options": "FALSE",
                    "options_type": "mandatory_courses",
                    "semester": 7
                }
            ]
        }
    }
]